company,Title,Location,Pay,Worktime,Recently,Howpay
모두철거,철거 인력 모집합니다/일급12만/보조인력급구,양천구 신정동,120000,09:00~18:00,06/17,일급
세븐일레븐 신정2점,주말야간구합니다,양천구 신정동,8590,23:00~09:00,06/17,시급
(주)대방할인마트,"남자/여자 월급280 월6회휴무 배달기사/ 야채,청과(급구)/ 공",양천구 전체,2800000,09:00~21:00,5시간전,월급
(주)에스탑,시설관리-기계주임 모집,양천구 목2동,2420000,09:00~19:00,06/18,월급
굽네치킨 염창역점,"굽네치킨 염창역점 주말 아르바이트 구합니다. 시급 10,308원",양천구 목2동,10308,12:00~24:00(로테이션),06/18,시급
씨유목동1호점,편의점 주중 오전 매장관리 스탭,양천구 목5동,8590,09:00~15:00,06/16,시급
이마트24 목동공원점,이마트24 목동공원점 아침근무 직원 모집합니다.,양천구 목1동,8590,08:00~10:00,06/15,시급
세븐일레븐 양천신월점,주말 야간 알바구함,양천구 신월동,8590,23:00~09:00,06/10,시급
(주)알만에이엠,에어컨 설치자재 멀티샵 알만 강서점 아르바이트 채용 공고,양천구 신월동,10308,13:00~18:00,06/05,시급
원두막,남 웨이터모집,양천구 신정동,2600000,12:00~23:50,06/09,월급
굽네치킨 염창역점,굽네치킨 염창역점 주방직원을 모집합니다.,양천구 목2동,2150000,12:00~00:00(로테이션),06/08,월급
케이엔씨,케이엔씨/신차 실제도로 시운전하실분 모집/35세이상남자/운,양천구 목동,105000,02:00~14:00,06/04,일급
(주)얼라이브디스트리뷰션,목동로데오 거리 스포츠 용품점 매장판매보조/창고짐옮기기,양천구 신정동,10000,14:00~18:00,06/03,시급
CJ - 굿윌아이엔씨(주),"[가산동/오전/일급,주급가능/월~토근무] 단순물류 장,단기 아",양천구 전체,8590,07:00~12:00,06/01,시급
두경스타 주식회사,KB국민은행 목동PB센터 은행경비원 모집 경비/보안,양천구 목동,1898000,08:30~17:30,06/02,월급
CU/GS25/미니스톱/세븐일레븐,[급여450만이상] 5시간근무/편의점 납품 기사 채용/초보가능,양천구 전체,3400000,05:00~10:00(로테이션),06/02,월급
김포경동택배,"[ 단순분류,강서구에서20분 / 일당 - 당일지급 ]",양천구 신월동,115526,19:30~06:00,05/31,일급
운수법인 ㈜서강화물,주5일근무) 군포공장/구미공장 ㈜LG- 5톤윙바디 지입차주모집,양천구 전체,72000000,시간협의,06/01,연봉
모두철거,철거 인력 모집합니다/일급12만/보조인력급구,양천구 신정동,120000,09:00~18:00,06/17,일급
세븐일레븐 신정2점,주말야간구합니다,양천구 신정동,8590,23:00~09:00,06/17,시급
(주)대방할인마트,"남자/여자 월급280 월6회휴무 배달기사/ 야채,청과(급구)/ 공",양천구 전체,2800000,09:00~21:00,5시간전,월급
(주)에스탑,시설관리-기계주임 모집,양천구 목2동,2420000,09:00~19:00,06/18,월급
굽네치킨 염창역점,"굽네치킨 염창역점 주말 아르바이트 구합니다. 시급 10,308원",양천구 목2동,10308,12:00~24:00(로테이션),06/18,시급
씨유목동1호점,편의점 주중 오전 매장관리 스탭,양천구 목5동,8590,09:00~15:00,06/16,시급
이마트24 목동공원점,이마트24 목동공원점 아침근무 직원 모집합니다.,양천구 목1동,8590,08:00~10:00,06/15,시급
세븐일레븐 양천신월점,주말 야간 알바구함,양천구 신월동,8590,23:00~09:00,06/10,시급
(주)알만에이엠,에어컨 설치자재 멀티샵 알만 강서점 아르바이트 채용 공고,양천구 신월동,10308,13:00~18:00,06/05,시급
원두막,남 웨이터모집,양천구 신정동,2600000,12:00~23:50,06/09,월급
굽네치킨 염창역점,굽네치킨 염창역점 주방직원을 모집합니다.,양천구 목2동,2150000,12:00~00:00(로테이션),06/08,월급
케이엔씨,케이엔씨/신차 실제도로 시운전하실분 모집/35세이상남자/운,양천구 목동,105000,02:00~14:00,06/04,일급
(주)얼라이브디스트리뷰션,목동로데오 거리 스포츠 용품점 매장판매보조/창고짐옮기기,양천구 신정동,10000,14:00~18:00,06/03,시급
CJ - 굿윌아이엔씨(주),"[가산동/오전/일급,주급가능/월~토근무] 단순물류 장,단기 아",양천구 전체,8590,07:00~12:00,06/01,시급
두경스타 주식회사,KB국민은행 목동PB센터 은행경비원 모집 경비/보안,양천구 목동,1898000,08:30~17:30,06/02,월급
CU/GS25/미니스톱/세븐일레븐,[급여450만이상] 5시간근무/편의점 납품 기사 채용/초보가능,양천구 전체,3400000,05:00~10:00(로테이션),06/02,월급
김포경동택배,"[ 단순분류,강서구에서20분 / 일당 - 당일지급 ]",양천구 신월동,115526,19:30~06:00,05/31,일급
운수법인 ㈜서강화물,주5일근무) 군포공장/구미공장 ㈜LG- 5톤윙바디 지입차주모집,양천구 전체,72000000,시간협의,06/01,연봉
모두철거,철거 인력 모집합니다/일급12만/보조인력급구,양천구 신정동,120000,09:00~18:00,06/17,일급
세븐일레븐 신정2점,주말야간구합니다,양천구 신정동,8590,23:00~09:00,06/17,시급
(주)대방할인마트,"남자/여자 월급280 월6회휴무 배달기사/ 야채,청과(급구)/ 공",양천구 전체,2800000,09:00~21:00,5시간전,월급
(주)에스탑,시설관리-기계주임 모집,양천구 목2동,2420000,09:00~19:00,06/18,월급
굽네치킨 염창역점,"굽네치킨 염창역점 주말 아르바이트 구합니다. 시급 10,308원",양천구 목2동,10308,12:00~24:00(로테이션),06/18,시급
씨유목동1호점,편의점 주중 오전 매장관리 스탭,양천구 목5동,8590,09:00~15:00,06/16,시급
이마트24 목동공원점,이마트24 목동공원점 아침근무 직원 모집합니다.,양천구 목1동,8590,08:00~10:00,06/15,시급
세븐일레븐 양천신월점,주말 야간 알바구함,양천구 신월동,8590,23:00~09:00,06/10,시급
(주)알만에이엠,에어컨 설치자재 멀티샵 알만 강서점 아르바이트 채용 공고,양천구 신월동,10308,13:00~18:00,06/05,시급
원두막,남 웨이터모집,양천구 신정동,2600000,12:00~23:50,06/09,월급
굽네치킨 염창역점,굽네치킨 염창역점 주방직원을 모집합니다.,양천구 목2동,2150000,12:00~00:00(로테이션),06/08,월급
케이엔씨,케이엔씨/신차 실제도로 시운전하실분 모집/35세이상남자/운,양천구 목동,105000,02:00~14:00,06/04,일급
(주)얼라이브디스트리뷰션,목동로데오 거리 스포츠 용품점 매장판매보조/창고짐옮기기,양천구 신정동,10000,14:00~18:00,06/03,시급
CJ - 굿윌아이엔씨(주),"[가산동/오전/일급,주급가능/월~토근무] 단순물류 장,단기 아",양천구 전체,8590,07:00~12:00,06/01,시급
두경스타 주식회사,KB국민은행 목동PB센터 은행경비원 모집 경비/보안,양천구 목동,1898000,08:30~17:30,06/02,월급
CU/GS25/미니스톱/세븐일레븐,[급여450만이상] 5시간근무/편의점 납품 기사 채용/초보가능,양천구 전체,3400000,05:00~10:00(로테이션),06/02,월급
김포경동택배,"[ 단순분류,강서구에서20분 / 일당 - 당일지급 ]",양천구 신월동,115526,19:30~06:00,05/31,일급
운수법인 ㈜서강화물,주5일근무) 군포공장/구미공장 ㈜LG- 5톤윙바디 지입차주모집,양천구 전체,72000000,시간협의,06/01,연봉
모두철거,철거 인력 모집합니다/일급12만/보조인력급구,양천구 신정동,120000,09:00~18:00,06/17,일급
세븐일레븐 신정2점,주말야간구합니다,양천구 신정동,8590,23:00~09:00,06/17,시급
(주)대방할인마트,"남자/여자 월급280 월6회휴무 배달기사/ 야채,청과(급구)/ 공",양천구 전체,2800000,09:00~21:00,5시간전,월급
(주)에스탑,시설관리-기계주임 모집,양천구 목2동,2420000,09:00~19:00,06/18,월급
굽네치킨 염창역점,"굽네치킨 염창역점 주말 아르바이트 구합니다. 시급 10,308원",양천구 목2동,10308,12:00~24:00(로테이션),06/18,시급
씨유목동1호점,편의점 주중 오전 매장관리 스탭,양천구 목5동,8590,09:00~15:00,06/16,시급
이마트24 목동공원점,이마트24 목동공원점 아침근무 직원 모집합니다.,양천구 목1동,8590,08:00~10:00,06/15,시급
세븐일레븐 양천신월점,주말 야간 알바구함,양천구 신월동,8590,23:00~09:00,06/10,시급
(주)알만에이엠,에어컨 설치자재 멀티샵 알만 강서점 아르바이트 채용 공고,양천구 신월동,10308,13:00~18:00,06/05,시급
원두막,남 웨이터모집,양천구 신정동,2600000,12:00~23:50,06/09,월급
굽네치킨 염창역점,굽네치킨 염창역점 주방직원을 모집합니다.,양천구 목2동,2150000,12:00~00:00(로테이션),06/08,월급
케이엔씨,케이엔씨/신차 실제도로 시운전하실분 모집/35세이상남자/운,양천구 목동,105000,02:00~14:00,06/04,일급
(주)얼라이브디스트리뷰션,목동로데오 거리 스포츠 용품점 매장판매보조/창고짐옮기기,양천구 신정동,10000,14:00~18:00,06/03,시급
CJ - 굿윌아이엔씨(주),"[가산동/오전/일급,주급가능/월~토근무] 단순물류 장,단기 아",양천구 전체,8590,07:00~12:00,06/01,시급
두경스타 주식회사,KB국민은행 목동PB센터 은행경비원 모집 경비/보안,양천구 목동,1898000,08:30~17:30,06/02,월급
CU/GS25/미니스톱/세븐일레븐,[급여450만이상] 5시간근무/편의점 납품 기사 채용/초보가능,양천구 전체,3400000,05:00~10:00(로테이션),06/02,월급
김포경동택배,"[ 단순분류,강서구에서20분 / 일당 - 당일지급 ]",양천구 신월동,115526,19:30~06:00,05/31,일급
운수법인 ㈜서강화물,주5일근무) 군포공장/구미공장 ㈜LG- 5톤윙바디 지입차주모집,양천구 전체,72000000,시간협의,06/01,연봉
모두철거,철거 인력 모집합니다/일급12만/보조인력급구,양천구 신정동,120000,09:00~18:00,06/17,일급
세븐일레븐 신정2점,주말야간구합니다,양천구 신정동,8590,23:00~09:00,06/17,시급
(주)대방할인마트,"남자/여자 월급280 월6회휴무 배달기사/ 야채,청과(급구)/ 공",양천구 전체,2800000,09:00~21:00,5시간전,월급
(주)에스탑,시설관리-기계주임 모집,양천구 목2동,2420000,09:00~19:00,06/18,월급
굽네치킨 염창역점,"굽네치킨 염창역점 주말 아르바이트 구합니다. 시급 10,308원",양천구 목2동,10308,12:00~24:00(로테이션),06/18,시급
씨유목동1호점,편의점 주중 오전 매장관리 스탭,양천구 목5동,8590,09:00~15:00,06/16,시급
이마트24 목동공원점,이마트24 목동공원점 아침근무 직원 모집합니다.,양천구 목1동,8590,08:00~10:00,06/15,시급
세븐일레븐 양천신월점,주말 야간 알바구함,양천구 신월동,8590,23:00~09:00,06/10,시급
(주)알만에이엠,에어컨 설치자재 멀티샵 알만 강서점 아르바이트 채용 공고,양천구 신월동,10308,13:00~18:00,06/05,시급
원두막,남 웨이터모집,양천구 신정동,2600000,12:00~23:50,06/09,월급
굽네치킨 염창역점,굽네치킨 염창역점 주방직원을 모집합니다.,양천구 목2동,2150000,12:00~00:00(로테이션),06/08,월급
케이엔씨,케이엔씨/신차 실제도로 시운전하실분 모집/35세이상남자/운,양천구 목동,105000,02:00~14:00,06/04,일급
(주)얼라이브디스트리뷰션,목동로데오 거리 스포츠 용품점 매장판매보조/창고짐옮기기,양천구 신정동,10000,14:00~18:00,06/03,시급
CJ - 굿윌아이엔씨(주),"[가산동/오전/일급,주급가능/월~토근무] 단순물류 장,단기 아",양천구 전체,8590,07:00~12:00,06/01,시급
두경스타 주식회사,KB국민은행 목동PB센터 은행경비원 모집 경비/보안,양천구 목동,1898000,08:30~17:30,06/02,월급
CU/GS25/미니스톱/세븐일레븐,[급여450만이상] 5시간근무/편의점 납품 기사 채용/초보가능,양천구 전체,3400000,05:00~10:00(로테이션),06/02,월급
김포경동택배,"[ 단순분류,강서구에서20분 / 일당 - 당일지급 ]",양천구 신월동,115526,19:30~06:00,05/31,일급
운수법인 ㈜서강화물,주5일근무) 군포공장/구미공장 ㈜LG- 5톤윙바디 지입차주모집,양천구 전체,72000000,시간협의,06/01,연봉
모두철거,철거 인력 모집합니다/일급12만/보조인력급구,양천구 신정동,120000,09:00~18:00,06/17,일급
세븐일레븐 신정2점,주말야간구합니다,양천구 신정동,8590,23:00~09:00,06/17,시급
(주)대방할인마트,"남자/여자 월급280 월6회휴무 배달기사/ 야채,청과(급구)/ 공",양천구 전체,2800000,09:00~21:00,5시간전,월급
(주)에스탑,시설관리-기계주임 모집,양천구 목2동,2420000,09:00~19:00,06/18,월급
굽네치킨 염창역점,"굽네치킨 염창역점 주말 아르바이트 구합니다. 시급 10,308원",양천구 목2동,10308,12:00~24:00(로테이션),06/18,시급
씨유목동1호점,편의점 주중 오전 매장관리 스탭,양천구 목5동,8590,09:00~15:00,06/16,시급
이마트24 목동공원점,이마트24 목동공원점 아침근무 직원 모집합니다.,양천구 목1동,8590,08:00~10:00,06/15,시급
세븐일레븐 양천신월점,주말 야간 알바구함,양천구 신월동,8590,23:00~09:00,06/10,시급
(주)알만에이엠,에어컨 설치자재 멀티샵 알만 강서점 아르바이트 채용 공고,양천구 신월동,10308,13:00~18:00,06/05,시급
원두막,남 웨이터모집,양천구 신정동,2600000,12:00~23:50,06/09,월급
굽네치킨 염창역점,굽네치킨 염창역점 주방직원을 모집합니다.,양천구 목2동,2150000,12:00~00:00(로테이션),06/08,월급
케이엔씨,케이엔씨/신차 실제도로 시운전하실분 모집/35세이상남자/운,양천구 목동,105000,02:00~14:00,06/04,일급
(주)얼라이브디스트리뷰션,목동로데오 거리 스포츠 용품점 매장판매보조/창고짐옮기기,양천구 신정동,10000,14:00~18:00,06/03,시급
CJ - 굿윌아이엔씨(주),"[가산동/오전/일급,주급가능/월~토근무] 단순물류 장,단기 아",양천구 전체,8590,07:00~12:00,06/01,시급
두경스타 주식회사,KB국민은행 목동PB센터 은행경비원 모집 경비/보안,양천구 목동,1898000,08:30~17:30,06/02,월급
CU/GS25/미니스톱/세븐일레븐,[급여450만이상] 5시간근무/편의점 납품 기사 채용/초보가능,양천구 전체,3400000,05:00~10:00(로테이션),06/02,월급
김포경동택배,"[ 단순분류,강서구에서20분 / 일당 - 당일지급 ]",양천구 신월동,115526,19:30~06:00,05/31,일급
운수법인 ㈜서강화물,주5일근무) 군포공장/구미공장 ㈜LG- 5톤윙바디 지입차주모집,양천구 전체,72000000,시간협의,06/01,연봉
모두철거,철거 인력 모집합니다/일급12만/보조인력급구,양천구 신정동,120000,09:00~18:00,06/17,일급
세븐일레븐 신정2점,주말야간구합니다,양천구 신정동,8590,23:00~09:00,06/17,시급
(주)대방할인마트,"남자/여자 월급280 월6회휴무 배달기사/ 야채,청과(급구)/ 공",양천구 전체,2800000,09:00~21:00,5시간전,월급
(주)에스탑,시설관리-기계주임 모집,양천구 목2동,2420000,09:00~19:00,06/18,월급
굽네치킨 염창역점,"굽네치킨 염창역점 주말 아르바이트 구합니다. 시급 10,308원",양천구 목2동,10308,12:00~24:00(로테이션),06/18,시급
씨유목동1호점,편의점 주중 오전 매장관리 스탭,양천구 목5동,8590,09:00~15:00,06/16,시급
이마트24 목동공원점,이마트24 목동공원점 아침근무 직원 모집합니다.,양천구 목1동,8590,08:00~10:00,06/15,시급
세븐일레븐 양천신월점,주말 야간 알바구함,양천구 신월동,8590,23:00~09:00,06/10,시급
(주)알만에이엠,에어컨 설치자재 멀티샵 알만 강서점 아르바이트 채용 공고,양천구 신월동,10308,13:00~18:00,06/05,시급
원두막,남 웨이터모집,양천구 신정동,2600000,12:00~23:50,06/09,월급
굽네치킨 염창역점,굽네치킨 염창역점 주방직원을 모집합니다.,양천구 목2동,2150000,12:00~00:00(로테이션),06/08,월급
케이엔씨,케이엔씨/신차 실제도로 시운전하실분 모집/35세이상남자/운,양천구 목동,105000,02:00~14:00,06/04,일급
(주)얼라이브디스트리뷰션,목동로데오 거리 스포츠 용품점 매장판매보조/창고짐옮기기,양천구 신정동,10000,14:00~18:00,06/03,시급
CJ - 굿윌아이엔씨(주),"[가산동/오전/일급,주급가능/월~토근무] 단순물류 장,단기 아",양천구 전체,8590,07:00~12:00,06/01,시급
두경스타 주식회사,KB국민은행 목동PB센터 은행경비원 모집 경비/보안,양천구 목동,1898000,08:30~17:30,06/02,월급
CU/GS25/미니스톱/세븐일레븐,[급여450만이상] 5시간근무/편의점 납품 기사 채용/초보가능,양천구 전체,3400000,05:00~10:00(로테이션),06/02,월급
김포경동택배,"[ 단순분류,강서구에서20분 / 일당 - 당일지급 ]",양천구 신월동,115526,19:30~06:00,05/31,일급
운수법인 ㈜서강화물,주5일근무) 군포공장/구미공장 ㈜LG- 5톤윙바디 지입차주모집,양천구 전체,72000000,시간협의,06/01,연봉
모두철거,철거 인력 모집합니다/일급12만/보조인력급구,양천구 신정동,120000,09:00~18:00,06/17,일급
세븐일레븐 신정2점,주말야간구합니다,양천구 신정동,8590,23:00~09:00,06/17,시급
(주)대방할인마트,"남자/여자 월급280 월6회휴무 배달기사/ 야채,청과(급구)/ 공",양천구 전체,2800000,09:00~21:00,5시간전,월급
(주)에스탑,시설관리-기계주임 모집,양천구 목2동,2420000,09:00~19:00,06/18,월급
굽네치킨 염창역점,"굽네치킨 염창역점 주말 아르바이트 구합니다. 시급 10,308원",양천구 목2동,10308,12:00~24:00(로테이션),06/18,시급
씨유목동1호점,편의점 주중 오전 매장관리 스탭,양천구 목5동,8590,09:00~15:00,06/16,시급
이마트24 목동공원점,이마트24 목동공원점 아침근무 직원 모집합니다.,양천구 목1동,8590,08:00~10:00,06/15,시급
세븐일레븐 양천신월점,주말 야간 알바구함,양천구 신월동,8590,23:00~09:00,06/10,시급
(주)알만에이엠,에어컨 설치자재 멀티샵 알만 강서점 아르바이트 채용 공고,양천구 신월동,10308,13:00~18:00,06/05,시급
원두막,남 웨이터모집,양천구 신정동,2600000,12:00~23:50,06/09,월급
굽네치킨 염창역점,굽네치킨 염창역점 주방직원을 모집합니다.,양천구 목2동,2150000,12:00~00:00(로테이션),06/08,월급
케이엔씨,케이엔씨/신차 실제도로 시운전하실분 모집/35세이상남자/운,양천구 목동,105000,02:00~14:00,06/04,일급
(주)얼라이브디스트리뷰션,목동로데오 거리 스포츠 용품점 매장판매보조/창고짐옮기기,양천구 신정동,10000,14:00~18:00,06/03,시급
CJ - 굿윌아이엔씨(주),"[가산동/오전/일급,주급가능/월~토근무] 단순물류 장,단기 아",양천구 전체,8590,07:00~12:00,06/01,시급
두경스타 주식회사,KB국민은행 목동PB센터 은행경비원 모집 경비/보안,양천구 목동,1898000,08:30~17:30,06/02,월급
CU/GS25/미니스톱/세븐일레븐,[급여450만이상] 5시간근무/편의점 납품 기사 채용/초보가능,양천구 전체,3400000,05:00~10:00(로테이션),06/02,월급
김포경동택배,"[ 단순분류,강서구에서20분 / 일당 - 당일지급 ]",양천구 신월동,115526,19:30~06:00,05/31,일급
운수법인 ㈜서강화물,주5일근무) 군포공장/구미공장 ㈜LG- 5톤윙바디 지입차주모집,양천구 전체,72000000,시간협의,06/01,연봉
모두철거,철거 인력 모집합니다/일급12만/보조인력급구,양천구 신정동,120000,09:00~18:00,06/17,일급
세븐일레븐 신정2점,주말야간구합니다,양천구 신정동,8590,23:00~09:00,06/17,시급
(주)대방할인마트,"남자/여자 월급280 월6회휴무 배달기사/ 야채,청과(급구)/ 공",양천구 전체,2800000,09:00~21:00,5시간전,월급
(주)에스탑,시설관리-기계주임 모집,양천구 목2동,2420000,09:00~19:00,06/18,월급
굽네치킨 염창역점,"굽네치킨 염창역점 주말 아르바이트 구합니다. 시급 10,308원",양천구 목2동,10308,12:00~24:00(로테이션),06/18,시급
씨유목동1호점,편의점 주중 오전 매장관리 스탭,양천구 목5동,8590,09:00~15:00,06/16,시급
이마트24 목동공원점,이마트24 목동공원점 아침근무 직원 모집합니다.,양천구 목1동,8590,08:00~10:00,06/15,시급
세븐일레븐 양천신월점,주말 야간 알바구함,양천구 신월동,8590,23:00~09:00,06/10,시급
(주)알만에이엠,에어컨 설치자재 멀티샵 알만 강서점 아르바이트 채용 공고,양천구 신월동,10308,13:00~18:00,06/05,시급
원두막,남 웨이터모집,양천구 신정동,2600000,12:00~23:50,06/09,월급
굽네치킨 염창역점,굽네치킨 염창역점 주방직원을 모집합니다.,양천구 목2동,2150000,12:00~00:00(로테이션),06/08,월급
케이엔씨,케이엔씨/신차 실제도로 시운전하실분 모집/35세이상남자/운,양천구 목동,105000,02:00~14:00,06/04,일급
(주)얼라이브디스트리뷰션,목동로데오 거리 스포츠 용품점 매장판매보조/창고짐옮기기,양천구 신정동,10000,14:00~18:00,06/03,시급
CJ - 굿윌아이엔씨(주),"[가산동/오전/일급,주급가능/월~토근무] 단순물류 장,단기 아",양천구 전체,8590,07:00~12:00,06/01,시급
두경스타 주식회사,KB국민은행 목동PB센터 은행경비원 모집 경비/보안,양천구 목동,1898000,08:30~17:30,06/02,월급
CU/GS25/미니스톱/세븐일레븐,[급여450만이상] 5시간근무/편의점 납품 기사 채용/초보가능,양천구 전체,3400000,05:00~10:00(로테이션),06/02,월급
김포경동택배,"[ 단순분류,강서구에서20분 / 일당 - 당일지급 ]",양천구 신월동,115526,19:30~06:00,05/31,일급
운수법인 ㈜서강화물,주5일근무) 군포공장/구미공장 ㈜LG- 5톤윙바디 지입차주모집,양천구 전체,72000000,시간협의,06/01,연봉
모두철거,철거 인력 모집합니다/일급12만/보조인력급구,양천구 신정동,120000,09:00~18:00,06/17,일급
세븐일레븐 신정2점,주말야간구합니다,양천구 신정동,8590,23:00~09:00,06/17,시급
(주)대방할인마트,"남자/여자 월급280 월6회휴무 배달기사/ 야채,청과(급구)/ 공",양천구 전체,2800000,09:00~21:00,5시간전,월급
(주)에스탑,시설관리-기계주임 모집,양천구 목2동,2420000,09:00~19:00,06/18,월급
굽네치킨 염창역점,"굽네치킨 염창역점 주말 아르바이트 구합니다. 시급 10,308원",양천구 목2동,10308,12:00~24:00(로테이션),06/18,시급
씨유목동1호점,편의점 주중 오전 매장관리 스탭,양천구 목5동,8590,09:00~15:00,06/16,시급
이마트24 목동공원점,이마트24 목동공원점 아침근무 직원 모집합니다.,양천구 목1동,8590,08:00~10:00,06/15,시급
세븐일레븐 양천신월점,주말 야간 알바구함,양천구 신월동,8590,23:00~09:00,06/10,시급
(주)알만에이엠,에어컨 설치자재 멀티샵 알만 강서점 아르바이트 채용 공고,양천구 신월동,10308,13:00~18:00,06/05,시급
원두막,남 웨이터모집,양천구 신정동,2600000,12:00~23:50,06/09,월급
굽네치킨 염창역점,굽네치킨 염창역점 주방직원을 모집합니다.,양천구 목2동,2150000,12:00~00:00(로테이션),06/08,월급
케이엔씨,케이엔씨/신차 실제도로 시운전하실분 모집/35세이상남자/운,양천구 목동,105000,02:00~14:00,06/04,일급
(주)얼라이브디스트리뷰션,목동로데오 거리 스포츠 용품점 매장판매보조/창고짐옮기기,양천구 신정동,10000,14:00~18:00,06/03,시급
CJ - 굿윌아이엔씨(주),"[가산동/오전/일급,주급가능/월~토근무] 단순물류 장,단기 아",양천구 전체,8590,07:00~12:00,06/01,시급
두경스타 주식회사,KB국민은행 목동PB센터 은행경비원 모집 경비/보안,양천구 목동,1898000,08:30~17:30,06/02,월급
CU/GS25/미니스톱/세븐일레븐,[급여450만이상] 5시간근무/편의점 납품 기사 채용/초보가능,양천구 전체,3400000,05:00~10:00(로테이션),06/02,월급
김포경동택배,"[ 단순분류,강서구에서20분 / 일당 - 당일지급 ]",양천구 신월동,115526,19:30~06:00,05/31,일급
운수법인 ㈜서강화물,주5일근무) 군포공장/구미공장 ㈜LG- 5톤윙바디 지입차주모집,양천구 전체,72000000,시간협의,06/01,연봉
모두철거,철거 인력 모집합니다/일급12만/보조인력급구,양천구 신정동,120000,09:00~18:00,06/17,일급
세븐일레븐 신정2점,주말야간구합니다,양천구 신정동,8590,23:00~09:00,06/17,시급
(주)대방할인마트,"남자/여자 월급280 월6회휴무 배달기사/ 야채,청과(급구)/ 공",양천구 전체,2800000,09:00~21:00,5시간전,월급
(주)에스탑,시설관리-기계주임 모집,양천구 목2동,2420000,09:00~19:00,06/18,월급
굽네치킨 염창역점,"굽네치킨 염창역점 주말 아르바이트 구합니다. 시급 10,308원",양천구 목2동,10308,12:00~24:00(로테이션),06/18,시급
씨유목동1호점,편의점 주중 오전 매장관리 스탭,양천구 목5동,8590,09:00~15:00,06/16,시급
이마트24 목동공원점,이마트24 목동공원점 아침근무 직원 모집합니다.,양천구 목1동,8590,08:00~10:00,06/15,시급
세븐일레븐 양천신월점,주말 야간 알바구함,양천구 신월동,8590,23:00~09:00,06/10,시급
(주)알만에이엠,에어컨 설치자재 멀티샵 알만 강서점 아르바이트 채용 공고,양천구 신월동,10308,13:00~18:00,06/05,시급
원두막,남 웨이터모집,양천구 신정동,2600000,12:00~23:50,06/09,월급
굽네치킨 염창역점,굽네치킨 염창역점 주방직원을 모집합니다.,양천구 목2동,2150000,12:00~00:00(로테이션),06/08,월급
케이엔씨,케이엔씨/신차 실제도로 시운전하실분 모집/35세이상남자/운,양천구 목동,105000,02:00~14:00,06/04,일급
(주)얼라이브디스트리뷰션,목동로데오 거리 스포츠 용품점 매장판매보조/창고짐옮기기,양천구 신정동,10000,14:00~18:00,06/03,시급
CJ - 굿윌아이엔씨(주),"[가산동/오전/일급,주급가능/월~토근무] 단순물류 장,단기 아",양천구 전체,8590,07:00~12:00,06/01,시급
두경스타 주식회사,KB국민은행 목동PB센터 은행경비원 모집 경비/보안,양천구 목동,1898000,08:30~17:30,06/02,월급
CU/GS25/미니스톱/세븐일레븐,[급여450만이상] 5시간근무/편의점 납품 기사 채용/초보가능,양천구 전체,3400000,05:00~10:00(로테이션),06/02,월급
김포경동택배,"[ 단순분류,강서구에서20분 / 일당 - 당일지급 ]",양천구 신월동,115526,19:30~06:00,05/31,일급
운수법인 ㈜서강화물,주5일근무) 군포공장/구미공장 ㈜LG- 5톤윙바디 지입차주모집,양천구 전체,72000000,시간협의,06/01,연봉
모두철거,철거 인력 모집합니다/일급12만/보조인력급구,양천구 신정동,120000,09:00~18:00,06/17,일급
세븐일레븐 신정2점,주말야간구합니다,양천구 신정동,8590,23:00~09:00,06/17,시급
(주)대방할인마트,"남자/여자 월급280 월6회휴무 배달기사/ 야채,청과(급구)/ 공",양천구 전체,2800000,09:00~21:00,5시간전,월급
(주)에스탑,시설관리-기계주임 모집,양천구 목2동,2420000,09:00~19:00,06/18,월급
굽네치킨 염창역점,"굽네치킨 염창역점 주말 아르바이트 구합니다. 시급 10,308원",양천구 목2동,10308,12:00~24:00(로테이션),06/18,시급
씨유목동1호점,편의점 주중 오전 매장관리 스탭,양천구 목5동,8590,09:00~15:00,06/16,시급
이마트24 목동공원점,이마트24 목동공원점 아침근무 직원 모집합니다.,양천구 목1동,8590,08:00~10:00,06/15,시급
세븐일레븐 양천신월점,주말 야간 알바구함,양천구 신월동,8590,23:00~09:00,06/10,시급
(주)알만에이엠,에어컨 설치자재 멀티샵 알만 강서점 아르바이트 채용 공고,양천구 신월동,10308,13:00~18:00,06/05,시급
원두막,남 웨이터모집,양천구 신정동,2600000,12:00~23:50,06/09,월급
굽네치킨 염창역점,굽네치킨 염창역점 주방직원을 모집합니다.,양천구 목2동,2150000,12:00~00:00(로테이션),06/08,월급
케이엔씨,케이엔씨/신차 실제도로 시운전하실분 모집/35세이상남자/운,양천구 목동,105000,02:00~14:00,06/04,일급
(주)얼라이브디스트리뷰션,목동로데오 거리 스포츠 용품점 매장판매보조/창고짐옮기기,양천구 신정동,10000,14:00~18:00,06/03,시급
CJ - 굿윌아이엔씨(주),"[가산동/오전/일급,주급가능/월~토근무] 단순물류 장,단기 아",양천구 전체,8590,07:00~12:00,06/01,시급
두경스타 주식회사,KB국민은행 목동PB센터 은행경비원 모집 경비/보안,양천구 목동,1898000,08:30~17:30,06/02,월급
CU/GS25/미니스톱/세븐일레븐,[급여450만이상] 5시간근무/편의점 납품 기사 채용/초보가능,양천구 전체,3400000,05:00~10:00(로테이션),06/02,월급
김포경동택배,"[ 단순분류,강서구에서20분 / 일당 - 당일지급 ]",양천구 신월동,115526,19:30~06:00,05/31,일급
운수법인 ㈜서강화물,주5일근무) 군포공장/구미공장 ㈜LG- 5톤윙바디 지입차주모집,양천구 전체,72000000,시간협의,06/01,연봉
모두철거,철거 인력 모집합니다/일급12만/보조인력급구,양천구 신정동,120000,09:00~18:00,06/17,일급
세븐일레븐 신정2점,주말야간구합니다,양천구 신정동,8590,23:00~09:00,06/17,시급
(주)대방할인마트,"남자/여자 월급280 월6회휴무 배달기사/ 야채,청과(급구)/ 공",양천구 전체,2800000,09:00~21:00,5시간전,월급
(주)에스탑,시설관리-기계주임 모집,양천구 목2동,2420000,09:00~19:00,06/18,월급
굽네치킨 염창역점,"굽네치킨 염창역점 주말 아르바이트 구합니다. 시급 10,308원",양천구 목2동,10308,12:00~24:00(로테이션),06/18,시급
씨유목동1호점,편의점 주중 오전 매장관리 스탭,양천구 목5동,8590,09:00~15:00,06/16,시급
이마트24 목동공원점,이마트24 목동공원점 아침근무 직원 모집합니다.,양천구 목1동,8590,08:00~10:00,06/15,시급
세븐일레븐 양천신월점,주말 야간 알바구함,양천구 신월동,8590,23:00~09:00,06/10,시급
(주)알만에이엠,에어컨 설치자재 멀티샵 알만 강서점 아르바이트 채용 공고,양천구 신월동,10308,13:00~18:00,06/05,시급
원두막,남 웨이터모집,양천구 신정동,2600000,12:00~23:50,06/09,월급
굽네치킨 염창역점,굽네치킨 염창역점 주방직원을 모집합니다.,양천구 목2동,2150000,12:00~00:00(로테이션),06/08,월급
케이엔씨,케이엔씨/신차 실제도로 시운전하실분 모집/35세이상남자/운,양천구 목동,105000,02:00~14:00,06/04,일급
(주)얼라이브디스트리뷰션,목동로데오 거리 스포츠 용품점 매장판매보조/창고짐옮기기,양천구 신정동,10000,14:00~18:00,06/03,시급
CJ - 굿윌아이엔씨(주),"[가산동/오전/일급,주급가능/월~토근무] 단순물류 장,단기 아",양천구 전체,8590,07:00~12:00,06/01,시급
두경스타 주식회사,KB국민은행 목동PB센터 은행경비원 모집 경비/보안,양천구 목동,1898000,08:30~17:30,06/02,월급
CU/GS25/미니스톱/세븐일레븐,[급여450만이상] 5시간근무/편의점 납품 기사 채용/초보가능,양천구 전체,3400000,05:00~10:00(로테이션),06/02,월급
김포경동택배,"[ 단순분류,강서구에서20분 / 일당 - 당일지급 ]",양천구 신월동,115526,19:30~06:00,05/31,일급
운수법인 ㈜서강화물,주5일근무) 군포공장/구미공장 ㈜LG- 5톤윙바디 지입차주모집,양천구 전체,72000000,시간협의,06/01,연봉
모두철거,철거 인력 모집합니다/일급12만/보조인력급구,양천구 신정동,120000,09:00~18:00,06/17,일급
세븐일레븐 신정2점,주말야간구합니다,양천구 신정동,8590,23:00~09:00,06/17,시급
(주)대방할인마트,"남자/여자 월급280 월6회휴무 배달기사/ 야채,청과(급구)/ 공",양천구 전체,2800000,09:00~21:00,5시간전,월급
(주)에스탑,시설관리-기계주임 모집,양천구 목2동,2420000,09:00~19:00,06/18,월급
굽네치킨 염창역점,"굽네치킨 염창역점 주말 아르바이트 구합니다. 시급 10,308원",양천구 목2동,10308,12:00~24:00(로테이션),06/18,시급
씨유목동1호점,편의점 주중 오전 매장관리 스탭,양천구 목5동,8590,09:00~15:00,06/16,시급
이마트24 목동공원점,이마트24 목동공원점 아침근무 직원 모집합니다.,양천구 목1동,8590,08:00~10:00,06/15,시급
세븐일레븐 양천신월점,주말 야간 알바구함,양천구 신월동,8590,23:00~09:00,06/10,시급
(주)알만에이엠,에어컨 설치자재 멀티샵 알만 강서점 아르바이트 채용 공고,양천구 신월동,10308,13:00~18:00,06/05,시급
원두막,남 웨이터모집,양천구 신정동,2600000,12:00~23:50,06/09,월급
굽네치킨 염창역점,굽네치킨 염창역점 주방직원을 모집합니다.,양천구 목2동,2150000,12:00~00:00(로테이션),06/08,월급
케이엔씨,케이엔씨/신차 실제도로 시운전하실분 모집/35세이상남자/운,양천구 목동,105000,02:00~14:00,06/04,일급
(주)얼라이브디스트리뷰션,목동로데오 거리 스포츠 용품점 매장판매보조/창고짐옮기기,양천구 신정동,10000,14:00~18:00,06/03,시급
CJ - 굿윌아이엔씨(주),"[가산동/오전/일급,주급가능/월~토근무] 단순물류 장,단기 아",양천구 전체,8590,07:00~12:00,06/01,시급
두경스타 주식회사,KB국민은행 목동PB센터 은행경비원 모집 경비/보안,양천구 목동,1898000,08:30~17:30,06/02,월급
CU/GS25/미니스톱/세븐일레븐,[급여450만이상] 5시간근무/편의점 납품 기사 채용/초보가능,양천구 전체,3400000,05:00~10:00(로테이션),06/02,월급
김포경동택배,"[ 단순분류,강서구에서20분 / 일당 - 당일지급 ]",양천구 신월동,115526,19:30~06:00,05/31,일급
운수법인 ㈜서강화물,주5일근무) 군포공장/구미공장 ㈜LG- 5톤윙바디 지입차주모집,양천구 전체,72000000,시간협의,06/01,연봉
모두철거,철거 인력 모집합니다/일급12만/보조인력급구,양천구 신정동,120000,09:00~18:00,06/17,일급
세븐일레븐 신정2점,주말야간구합니다,양천구 신정동,8590,23:00~09:00,06/17,시급
(주)대방할인마트,"남자/여자 월급280 월6회휴무 배달기사/ 야채,청과(급구)/ 공",양천구 전체,2800000,09:00~21:00,5시간전,월급
(주)에스탑,시설관리-기계주임 모집,양천구 목2동,2420000,09:00~19:00,06/18,월급
굽네치킨 염창역점,"굽네치킨 염창역점 주말 아르바이트 구합니다. 시급 10,308원",양천구 목2동,10308,12:00~24:00(로테이션),06/18,시급
씨유목동1호점,편의점 주중 오전 매장관리 스탭,양천구 목5동,8590,09:00~15:00,06/16,시급
이마트24 목동공원점,이마트24 목동공원점 아침근무 직원 모집합니다.,양천구 목1동,8590,08:00~10:00,06/15,시급
세븐일레븐 양천신월점,주말 야간 알바구함,양천구 신월동,8590,23:00~09:00,06/10,시급
(주)알만에이엠,에어컨 설치자재 멀티샵 알만 강서점 아르바이트 채용 공고,양천구 신월동,10308,13:00~18:00,06/05,시급
원두막,남 웨이터모집,양천구 신정동,2600000,12:00~23:50,06/09,월급
굽네치킨 염창역점,굽네치킨 염창역점 주방직원을 모집합니다.,양천구 목2동,2150000,12:00~00:00(로테이션),06/08,월급
케이엔씨,케이엔씨/신차 실제도로 시운전하실분 모집/35세이상남자/운,양천구 목동,105000,02:00~14:00,06/04,일급
(주)얼라이브디스트리뷰션,목동로데오 거리 스포츠 용품점 매장판매보조/창고짐옮기기,양천구 신정동,10000,14:00~18:00,06/03,시급
CJ - 굿윌아이엔씨(주),"[가산동/오전/일급,주급가능/월~토근무] 단순물류 장,단기 아",양천구 전체,8590,07:00~12:00,06/01,시급
두경스타 주식회사,KB국민은행 목동PB센터 은행경비원 모집 경비/보안,양천구 목동,1898000,08:30~17:30,06/02,월급
CU/GS25/미니스톱/세븐일레븐,[급여450만이상] 5시간근무/편의점 납품 기사 채용/초보가능,양천구 전체,3400000,05:00~10:00(로테이션),06/02,월급
김포경동택배,"[ 단순분류,강서구에서20분 / 일당 - 당일지급 ]",양천구 신월동,115526,19:30~06:00,05/31,일급
운수법인 ㈜서강화물,주5일근무) 군포공장/구미공장 ㈜LG- 5톤윙바디 지입차주모집,양천구 전체,72000000,시간협의,06/01,연봉
모두철거,철거 인력 모집합니다/일급12만/보조인력급구,양천구 신정동,120000,09:00~18:00,06/17,일급
세븐일레븐 신정2점,주말야간구합니다,양천구 신정동,8590,23:00~09:00,06/17,시급
(주)대방할인마트,"남자/여자 월급280 월6회휴무 배달기사/ 야채,청과(급구)/ 공",양천구 전체,2800000,09:00~21:00,5시간전,월급
(주)에스탑,시설관리-기계주임 모집,양천구 목2동,2420000,09:00~19:00,06/18,월급
굽네치킨 염창역점,"굽네치킨 염창역점 주말 아르바이트 구합니다. 시급 10,308원",양천구 목2동,10308,12:00~24:00(로테이션),06/18,시급
씨유목동1호점,편의점 주중 오전 매장관리 스탭,양천구 목5동,8590,09:00~15:00,06/16,시급
이마트24 목동공원점,이마트24 목동공원점 아침근무 직원 모집합니다.,양천구 목1동,8590,08:00~10:00,06/15,시급
세븐일레븐 양천신월점,주말 야간 알바구함,양천구 신월동,8590,23:00~09:00,06/10,시급
(주)알만에이엠,에어컨 설치자재 멀티샵 알만 강서점 아르바이트 채용 공고,양천구 신월동,10308,13:00~18:00,06/05,시급
원두막,남 웨이터모집,양천구 신정동,2600000,12:00~23:50,06/09,월급
굽네치킨 염창역점,굽네치킨 염창역점 주방직원을 모집합니다.,양천구 목2동,2150000,12:00~00:00(로테이션),06/08,월급
케이엔씨,케이엔씨/신차 실제도로 시운전하실분 모집/35세이상남자/운,양천구 목동,105000,02:00~14:00,06/04,일급
(주)얼라이브디스트리뷰션,목동로데오 거리 스포츠 용품점 매장판매보조/창고짐옮기기,양천구 신정동,10000,14:00~18:00,06/03,시급
CJ - 굿윌아이엔씨(주),"[가산동/오전/일급,주급가능/월~토근무] 단순물류 장,단기 아",양천구 전체,8590,07:00~12:00,06/01,시급
두경스타 주식회사,KB국민은행 목동PB센터 은행경비원 모집 경비/보안,양천구 목동,1898000,08:30~17:30,06/02,월급
CU/GS25/미니스톱/세븐일레븐,[급여450만이상] 5시간근무/편의점 납품 기사 채용/초보가능,양천구 전체,3400000,05:00~10:00(로테이션),06/02,월급
김포경동택배,"[ 단순분류,강서구에서20분 / 일당 - 당일지급 ]",양천구 신월동,115526,19:30~06:00,05/31,일급
운수법인 ㈜서강화물,주5일근무) 군포공장/구미공장 ㈜LG- 5톤윙바디 지입차주모집,양천구 전체,72000000,시간협의,06/01,연봉
모두철거,철거 인력 모집합니다/일급12만/보조인력급구,양천구 신정동,120000,09:00~18:00,06/17,일급
세븐일레븐 신정2점,주말야간구합니다,양천구 신정동,8590,23:00~09:00,06/17,시급
(주)대방할인마트,"남자/여자 월급280 월6회휴무 배달기사/ 야채,청과(급구)/ 공",양천구 전체,2800000,09:00~21:00,5시간전,월급
(주)에스탑,시설관리-기계주임 모집,양천구 목2동,2420000,09:00~19:00,06/18,월급
굽네치킨 염창역점,"굽네치킨 염창역점 주말 아르바이트 구합니다. 시급 10,308원",양천구 목2동,10308,12:00~24:00(로테이션),06/18,시급
씨유목동1호점,편의점 주중 오전 매장관리 스탭,양천구 목5동,8590,09:00~15:00,06/16,시급
이마트24 목동공원점,이마트24 목동공원점 아침근무 직원 모집합니다.,양천구 목1동,8590,08:00~10:00,06/15,시급
세븐일레븐 양천신월점,주말 야간 알바구함,양천구 신월동,8590,23:00~09:00,06/10,시급
(주)알만에이엠,에어컨 설치자재 멀티샵 알만 강서점 아르바이트 채용 공고,양천구 신월동,10308,13:00~18:00,06/05,시급
원두막,남 웨이터모집,양천구 신정동,2600000,12:00~23:50,06/09,월급
굽네치킨 염창역점,굽네치킨 염창역점 주방직원을 모집합니다.,양천구 목2동,2150000,12:00~00:00(로테이션),06/08,월급
케이엔씨,케이엔씨/신차 실제도로 시운전하실분 모집/35세이상남자/운,양천구 목동,105000,02:00~14:00,06/04,일급
(주)얼라이브디스트리뷰션,목동로데오 거리 스포츠 용품점 매장판매보조/창고짐옮기기,양천구 신정동,10000,14:00~18:00,06/03,시급
CJ - 굿윌아이엔씨(주),"[가산동/오전/일급,주급가능/월~토근무] 단순물류 장,단기 아",양천구 전체,8590,07:00~12:00,06/01,시급
두경스타 주식회사,KB국민은행 목동PB센터 은행경비원 모집 경비/보안,양천구 목동,1898000,08:30~17:30,06/02,월급
CU/GS25/미니스톱/세븐일레븐,[급여450만이상] 5시간근무/편의점 납품 기사 채용/초보가능,양천구 전체,3400000,05:00~10:00(로테이션),06/02,월급
김포경동택배,"[ 단순분류,강서구에서20분 / 일당 - 당일지급 ]",양천구 신월동,115526,19:30~06:00,05/31,일급
운수법인 ㈜서강화물,주5일근무) 군포공장/구미공장 ㈜LG- 5톤윙바디 지입차주모집,양천구 전체,72000000,시간협의,06/01,연봉
모두철거,철거 인력 모집합니다/일급12만/보조인력급구,양천구 신정동,120000,09:00~18:00,06/17,일급
세븐일레븐 신정2점,주말야간구합니다,양천구 신정동,8590,23:00~09:00,06/17,시급
(주)대방할인마트,"남자/여자 월급280 월6회휴무 배달기사/ 야채,청과(급구)/ 공",양천구 전체,2800000,09:00~21:00,5시간전,월급
(주)에스탑,시설관리-기계주임 모집,양천구 목2동,2420000,09:00~19:00,06/18,월급
굽네치킨 염창역점,"굽네치킨 염창역점 주말 아르바이트 구합니다. 시급 10,308원",양천구 목2동,10308,12:00~24:00(로테이션),06/18,시급
씨유목동1호점,편의점 주중 오전 매장관리 스탭,양천구 목5동,8590,09:00~15:00,06/16,시급
이마트24 목동공원점,이마트24 목동공원점 아침근무 직원 모집합니다.,양천구 목1동,8590,08:00~10:00,06/15,시급
세븐일레븐 양천신월점,주말 야간 알바구함,양천구 신월동,8590,23:00~09:00,06/10,시급
(주)알만에이엠,에어컨 설치자재 멀티샵 알만 강서점 아르바이트 채용 공고,양천구 신월동,10308,13:00~18:00,06/05,시급
원두막,남 웨이터모집,양천구 신정동,2600000,12:00~23:50,06/09,월급
굽네치킨 염창역점,굽네치킨 염창역점 주방직원을 모집합니다.,양천구 목2동,2150000,12:00~00:00(로테이션),06/08,월급
케이엔씨,케이엔씨/신차 실제도로 시운전하실분 모집/35세이상남자/운,양천구 목동,105000,02:00~14:00,06/04,일급
(주)얼라이브디스트리뷰션,목동로데오 거리 스포츠 용품점 매장판매보조/창고짐옮기기,양천구 신정동,10000,14:00~18:00,06/03,시급
CJ - 굿윌아이엔씨(주),"[가산동/오전/일급,주급가능/월~토근무] 단순물류 장,단기 아",양천구 전체,8590,07:00~12:00,06/01,시급
두경스타 주식회사,KB국민은행 목동PB센터 은행경비원 모집 경비/보안,양천구 목동,1898000,08:30~17:30,06/02,월급
CU/GS25/미니스톱/세븐일레븐,[급여450만이상] 5시간근무/편의점 납품 기사 채용/초보가능,양천구 전체,3400000,05:00~10:00(로테이션),06/02,월급
김포경동택배,"[ 단순분류,강서구에서20분 / 일당 - 당일지급 ]",양천구 신월동,115526,19:30~06:00,05/31,일급
운수법인 ㈜서강화물,주5일근무) 군포공장/구미공장 ㈜LG- 5톤윙바디 지입차주모집,양천구 전체,72000000,시간협의,06/01,연봉
